ts,equity,savings
2025-09-18T06:42:26Z,100,0
2025-09-18T14:59:30Z,0.00,0.00
2025-09-18T15:14:31Z,0.00,0.00
2025-09-18T15:29:32Z,0.00,0.00
2025-09-18T15:44:33Z,0.00,0.00
2025-09-18T15:59:34Z,0.00,0.00
2025-09-18T16:14:34Z,0.00,0.00
2025-09-18T16:29:35Z,0.00,0.00
2025-09-18T16:44:36Z,0.00,0.00
2025-09-18T16:59:37Z,0.00,0.00
2025-09-18T17:14:38Z,0.00,0.00
2025-09-18T17:29:39Z,0.00,0.00
2025-09-18T17:44:40Z,0.00,0.00
2025-09-18T17:59:41Z,0.00,0.00
2025-09-18T18:14:42Z,0.00,0.00
2025-09-18T18:29:43Z,0.00,0.00
2025-09-18T18:44:43Z,0.00,0.00
2025-09-18T18:59:44Z,0.00,0.00
2025-09-18T19:14:45Z,0.00,0.00
2025-09-18T19:29:46Z,0.00,0.00
2025-09-18T19:44:47Z,0.00,0.00
2025-09-18T19:59:48Z,0.00,0.00
2025-09-18T20:14:49Z,0.00,0.00
2025-09-18T20:29:50Z,0.00,0.00
2025-09-18T20:44:50Z,0.00,0.00
2025-09-18T20:59:51Z,0.00,0.00
2025-09-18T21:14:52Z,0.00,0.00
2025-09-18T21:29:53Z,0.00,0.00
2025-09-18T21:44:54Z,0.00,0.00
2025-09-18T21:59:55Z,0.00,0.00
2025-09-18T22:14:55Z,0.00,0.00
2025-09-18T22:29:56Z,0.00,0.00
2025-09-18T22:44:57Z,0.00,0.00
2025-09-18T22:59:58Z,0.00,0.00
2025-09-18T23:14:59Z,0.00,0.00
2025-09-18T23:30:01Z,0.00,0.00
2025-09-18T23:45:02Z,0.00,0.00
2025-09-19T00:00:03Z,0.00,0.00
2025-09-19T00:15:04Z,0.00,0.00
2025-09-19T00:30:11Z,0.00,0.00
2025-09-19T00:45:33Z,0.00,0.00
2025-09-19T01:00:33Z,0.00,0.00
2025-09-19T01:16:05Z,0.00,0.00
2025-09-19T01:31:05Z,0.00,0.00
2025-09-23T02:40:39Z,0.00,0.00
2025-09-23T03:12:03Z,0.00,0.00
2025-09-23T03:13:04Z,0.00,0.00
2025-09-23T03:14:05Z,0.00,0.00
2025-09-23T03:15:06Z,0.00,0.00
2025-09-23T03:16:07Z,0.00,0.00
2025-09-23T03:17:08Z,0.00,0.00
2025-09-23T03:18:08Z,0.00,0.00
2025-09-23T03:19:09Z,0.00,0.00
2025-09-23T03:20:10Z,0.00,0.00
2025-09-23T03:21:11Z,0.00,0.00
2025-09-23T03:22:12Z,0.00,0.00
2025-09-23T03:23:13Z,0.00,0.00
2025-09-23T03:23:50Z,0.00,0.00
2025-09-23T03:24:57Z,0.00,0.00
2025-09-23T03:26:01Z,0.00,0.00
2025-09-23T03:27:05Z,0.00,0.00
2025-09-23T03:28:09Z,0.00,0.00
2025-09-23T03:29:12Z,0.00,0.00
2025-09-23T03:30:16Z,0.00,0.00
2025-09-23T03:30:51Z,0.00,0.00
2025-09-23T03:31:54Z,0.00,0.00
2025-09-23T03:32:40Z,0.00,0.00
2025-09-23T03:33:44Z,0.00,0.00
2025-09-23T03:34:47Z,0.00,0.00
2025-09-23T03:35:51Z,0.00,0.00
2025-09-23T03:36:55Z,0.00,0.00
2025-09-23T03:37:59Z,0.00,0.00
2025-09-23T03:39:02Z,0.00,0.00
2025-09-23T03:40:06Z,0.00,0.00
2025-09-23T03:40:49Z,0.00,0.00
2025-09-23T03:41:53Z,0.00,0.00
2025-09-23T03:42:57Z,0.00,0.00
2025-09-23T03:44:01Z,0.00,0.00
2025-09-23T03:45:04Z,0.00,0.00
2025-09-23T03:46:08Z,0.00,0.00
2025-09-23T03:47:26Z,100.00,0.00
2025-09-23T03:48:29Z,100.00,0.00
2025-09-23T03:49:31Z,100.00,0.00
2025-09-23T03:50:34Z,100.00,0.00
2025-09-23T03:51:37Z,100.00,0.00
2025-09-23T03:52:40Z,100.00,0.00
2025-09-23T03:53:43Z,100.00,0.00
2025-09-23T03:54:46Z,100.00,0.00
2025-09-23T03:55:48Z,100.00,0.00
2025-09-23T03:56:51Z,100.00,0.00
2025-09-23T03:57:54Z,100.00,0.00
2025-09-23T03:58:57Z,100.00,0.00
2025-09-23T04:00:00Z,100.00,0.00
2025-09-23T04:00:18Z,100.00,0.00
2025-09-23T04:01:14Z,100.00,0.00
2025-09-23T04:02:09Z,100.00,0.00
2025-09-23T04:03:10Z,100.00,0.00
2025-09-23T04:04:10Z,100.00,0.00
2025-09-23T04:05:11Z,100.00,0.00
2025-09-23T04:06:12Z,100.00,0.00
2025-09-23T04:07:13Z,100.00,0.00
2025-09-23T04:08:14Z,100.00,0.00
2025-09-23T04:09:15Z,100.00,0.00
2025-09-23T04:10:15Z,100.00,0.00
2025-09-23T04:11:16Z,100.00,0.00
2025-09-23T04:12:17Z,100.00,0.00
2025-09-23T04:13:18Z,100.00,0.00
2025-09-23T04:14:19Z,100.00,0.00
2025-09-23T04:15:20Z,100.00,0.00
2025-09-23T04:16:21Z,100.00,0.00
2025-09-23T04:17:21Z,100.00,0.00
2025-09-23T04:18:22Z,100.00,0.00
2025-09-23T04:19:23Z,100.00,0.00
2025-09-23T04:20:24Z,100.00,0.00
2025-09-23T04:21:25Z,100.00,0.00
2025-09-23T04:22:26Z,100.00,0.00
2025-09-23T04:23:27Z,100.00,0.00
2025-09-23T04:24:28Z,100.00,0.00
2025-09-23T04:25:29Z,100.00,0.00
2025-09-23T04:26:29Z,100.00,0.00
2025-09-23T04:27:30Z,100.00,0.00
2025-09-23T04:28:31Z,100.00,0.00
2025-09-23T04:29:32Z,100.00,0.00
2025-09-23T04:38:20Z,100.00,0.00
2025-09-23T04:39:24Z,100.00,0.00
2025-09-23T04:40:28Z,100.00,0.00
2025-09-23T04:41:32Z,100.00,0.00
2025-09-23T04:43:44Z,100.00,0.00
2025-09-23T04:44:51Z,100.00,0.00
2025-09-23T04:49:08Z,100.00,0.00
2025-09-23T04:50:17Z,100.00,0.00
2025-09-23T04:51:25Z,100.00,0.00
2025-09-23T04:54:18Z,100.00,0.00
2025-09-23T04:55:25Z,100.00,0.00
2025-09-23T04:56:31Z,100.00,0.00
2025-09-23T04:57:38Z,100.00,0.00
2025-09-23T04:58:46Z,100.00,0.00
2025-09-23T04:59:53Z,100.00,0.00
2025-09-23T05:01:00Z,100.00,0.00
2025-09-23T05:02:06Z,100.00,0.00
2025-09-23T05:03:15Z,100.00,0.00
2025-09-23T05:17:15Z,100.00,0.00
2025-09-23T05:18:21Z,100.00,0.00
2025-09-23T05:19:28Z,100.00,0.00
2025-09-23T05:19:53Z,100.00,0.00
2025-09-23T05:21:00Z,100.00,0.00
2025-09-23T05:22:07Z,100.00,0.00
2025-09-23T05:31:05Z,100.00,0.00
2025-09-23T05:32:13Z,100.00,0.00
2025-09-23T05:33:19Z,100.00,0.00
2025-09-23T05:34:26Z,100.00,0.00
2025-09-23T05:35:33Z,100.00,0.00
2025-09-23T05:36:39Z,100.00,0.00
2025-09-23T05:37:45Z,100.00,0.00
2025-09-23T05:38:52Z,100.00,0.00
2025-09-23T05:39:59Z,100.00,0.00
2025-09-23T05:41:05Z,100.00,0.00
2025-09-23T05:42:13Z,100.00,0.00
2025-09-23T05:43:19Z,100.00,0.00
2025-09-23T05:44:26Z,100.00,0.00
2025-09-23T05:45:33Z,100.00,0.00
2025-09-23T05:46:40Z,100.00,0.00
2025-09-23T05:47:46Z,100.00,0.00
2025-09-23T05:48:53Z,100.00,0.00
2025-09-23T05:50:00Z,100.00,0.00
2025-09-23T05:51:07Z,100.00,0.00
2025-09-23T05:52:14Z,100.00,0.00
2025-09-23T05:53:21Z,100.00,0.00
2025-09-23T05:54:27Z,100.00,0.00
2025-09-23T05:55:34Z,100.00,0.00
2025-09-23T05:56:40Z,100.00,0.00
2025-09-23T05:57:47Z,100.00,0.00
2025-09-23T05:58:53Z,100.00,0.00
2025-09-23T06:00:00Z,100.00,0.00
2025-09-23T06:01:06Z,100.00,0.00
2025-09-23T06:02:14Z,100.00,0.00
2025-09-23T06:03:21Z,100.00,0.00
2025-09-23T06:04:28Z,100.00,0.00
2025-09-23T06:05:34Z,100.00,0.00
2025-09-23T06:06:41Z,100.00,0.00
2025-09-23T06:07:47Z,100.00,0.00
2025-09-23T06:08:54Z,100.00,0.00
2025-09-23T06:10:00Z,100.00,0.00
2025-09-23T06:11:07Z,100.00,0.00
2025-09-23T06:12:14Z,100.00,0.00
2025-09-23T06:13:21Z,100.00,0.00
2025-09-23T06:14:27Z,100.00,0.00
2025-09-23T06:15:34Z,100.00,0.00
2025-09-23T06:16:40Z,100.00,0.00
2025-09-23T06:17:47Z,100.00,0.00
2025-09-23T06:18:54Z,100.00,0.00
2025-09-23T06:20:01Z,100.00,0.00
2025-09-23T06:21:07Z,100.00,0.00
2025-09-23T06:22:14Z,100.00,0.00
2025-09-23T06:23:21Z,100.00,0.00
2025-09-23T06:24:28Z,100.00,0.00
2025-09-23T06:25:34Z,100.00,0.00
2025-09-23T06:26:41Z,100.00,0.00
2025-09-23T06:27:47Z,100.00,0.00
2025-09-23T06:28:54Z,100.00,0.00
2025-09-23T06:30:01Z,100.00,0.00
2025-09-23T06:31:07Z,100.00,0.00
2025-09-23T06:32:14Z,100.00,0.00
2025-09-23T06:33:21Z,100.00,0.00
2025-09-23T06:34:28Z,100.00,0.00
2025-09-23T06:35:34Z,100.00,0.00
2025-09-23T06:36:40Z,100.00,0.00
2025-09-23T06:37:47Z,100.00,0.00
2025-09-23T06:38:53Z,100.00,0.00
2025-09-23T06:40:00Z,100.00,0.00
2025-09-23T06:41:07Z,100.00,0.00
2025-09-23T06:42:17Z,100.00,0.00
2025-09-23T06:43:23Z,100.00,0.00
2025-09-23T06:44:30Z,100.00,0.00
2025-09-23T06:45:39Z,100.00,0.00
2025-09-23T06:46:46Z,100.00,0.00
2025-09-23T06:47:52Z,100.00,0.00
2025-09-23T06:48:59Z,100.00,0.00
2025-09-23T06:50:06Z,100.00,0.00
2025-09-23T06:51:13Z,100.00,0.00
2025-09-23T06:52:20Z,100.00,0.00
2025-09-23T06:53:26Z,100.00,0.00
2025-09-23T06:54:33Z,100.00,0.00
2025-09-23T06:55:41Z,100.00,0.00
2025-09-23T06:56:58Z,100.00,0.00
2025-09-23T06:58:04Z,100.00,0.00
2025-09-23T06:59:12Z,100.00,0.00
2025-09-23T07:00:19Z,100.00,0.00
2025-09-23T07:01:25Z,100.00,0.00
2025-09-23T07:02:32Z,100.00,0.00
2025-09-23T07:03:44Z,100.00,0.00
2025-09-23T07:04:51Z,100.00,0.00
2025-09-23T07:05:58Z,100.00,0.00
2025-09-23T07:07:04Z,100.00,0.00
2025-09-23T07:08:12Z,100.00,0.00
2025-09-23T07:09:18Z,100.00,0.00
2025-09-23T07:10:25Z,100.00,0.00
2025-09-23T07:11:31Z,100.00,0.00
2025-09-23T07:12:39Z,100.00,0.00
2025-09-23T07:13:46Z,100.00,0.00
2025-09-23T07:14:52Z,100.00,0.00
2025-09-23T07:15:59Z,100.00,0.00
2025-09-23T07:17:06Z,100.00,0.00
2025-09-23T07:18:13Z,100.00,0.00
2025-09-23T07:19:19Z,100.00,0.00
2025-09-23T07:20:26Z,100.00,0.00
2025-09-23T07:21:33Z,100.00,0.00
2025-09-23T07:22:41Z,100.00,0.00
2025-09-23T07:23:48Z,100.00,0.00
2025-09-23T07:24:54Z,100.00,0.00
2025-09-23T07:26:01Z,100.00,0.00
2025-09-23T07:27:07Z,100.00,0.00
2025-09-23T07:28:14Z,100.00,0.00
2025-09-23T07:29:21Z,100.00,0.00
2025-09-23T07:30:28Z,100.00,0.00
2025-09-23T07:31:35Z,100.00,0.00
2025-09-23T07:32:41Z,100.00,0.00
2025-09-23T07:33:48Z,100.00,0.00
2025-09-23T07:34:55Z,100.00,0.00
2025-09-23T07:36:01Z,100.00,0.00
2025-09-23T07:37:08Z,100.00,0.00
2025-09-23T07:38:14Z,100.00,0.00
2025-09-23T07:39:21Z,100.00,0.00
2025-09-23T07:40:27Z,100.00,0.00
2025-09-23T07:41:34Z,100.00,0.00
2025-09-23T07:42:41Z,100.00,0.00
2025-09-23T07:43:47Z,100.00,0.00
2025-09-23T07:44:54Z,100.00,0.00
2025-09-23T07:46:01Z,100.00,0.00
2025-09-23T07:47:07Z,100.00,0.00
2025-09-23T07:48:14Z,100.00,0.00
2025-09-23T07:49:21Z,100.00,0.00
2025-09-23T07:50:28Z,100.00,0.00
2025-09-23T07:51:34Z,100.00,0.00
2025-09-23T07:52:40Z,100.00,0.00
2025-09-23T07:53:47Z,100.00,0.00
2025-09-23T07:54:53Z,100.00,0.00
2025-09-23T07:56:00Z,100.00,0.00
2025-09-23T07:57:07Z,100.00,0.00
2025-09-23T07:58:15Z,100.00,0.00
2025-09-23T07:59:21Z,100.00,0.00
2025-09-23T08:00:28Z,100.00,0.00
2025-09-23T08:01:35Z,100.00,0.00
2025-09-23T08:02:41Z,100.00,0.00
2025-09-23T08:03:47Z,100.00,0.00
2025-09-23T08:04:54Z,100.00,0.00
2025-09-23T08:06:01Z,100.00,0.00
2025-09-23T08:07:08Z,100.00,0.00
2025-09-23T08:08:15Z,100.00,0.00
2025-09-23T08:09:22Z,100.00,0.00
2025-09-23T08:10:28Z,100.00,0.00
2025-09-23T08:11:35Z,100.00,0.00
2025-09-23T08:12:42Z,100.00,0.00
2025-09-23T08:13:48Z,100.00,0.00
2025-09-23T08:14:55Z,100.00,0.00
2025-09-23T08:15:55Z,100.00,0.00
2025-09-23T08:16:56Z,100.00,0.00
2025-09-23T08:17:56Z,100.00,0.00
2025-09-23T08:18:57Z,100.00,0.00
2025-09-23T08:19:57Z,100.00,0.00
2025-09-23T08:20:58Z,100.00,0.00
2025-09-23T08:21:58Z,100.00,0.00
2025-09-23T08:22:59Z,100.00,0.00
2025-09-23T08:23:59Z,100.00,0.00
2025-09-23T08:25:00Z,100.00,0.00
2025-09-23T08:26:00Z,100.00,0.00
2025-09-23T08:27:01Z,100.00,0.00
2025-09-23T08:28:01Z,100.00,0.00
2025-09-23T08:29:02Z,100.00,0.00
2025-09-23T08:30:02Z,100.00,0.00
2025-09-23T08:31:03Z,100.00,0.00
2025-09-23T08:32:03Z,100.00,0.00
2025-09-23T08:33:04Z,100.00,0.00
2025-09-23T08:34:04Z,100.00,0.00
2025-09-23T08:35:05Z,100.00,0.00
2025-09-23T08:36:05Z,100.00,0.00
2025-09-23T08:37:06Z,100.00,0.00
2025-09-23T08:38:06Z,100.00,0.00
2025-09-23T08:39:07Z,100.00,0.00
2025-09-23T08:40:07Z,100.00,0.00
2025-09-23T08:41:08Z,100.00,0.00
2025-09-23T08:42:08Z,100.00,0.00
2025-09-23T08:43:09Z,100.00,0.00
2025-09-23T08:44:09Z,100.00,0.00
2025-09-23T08:45:10Z,100.00,0.00
2025-09-23T08:46:10Z,100.00,0.00
2025-09-23T08:47:11Z,100.00,0.00
2025-09-23T08:48:11Z,100.00,0.00
2025-09-23T08:49:12Z,100.00,0.00
2025-09-23T08:50:12Z,100.00,0.00
2025-09-23T08:51:13Z,100.00,0.00
2025-09-23T08:52:13Z,100.00,0.00
2025-09-23T08:53:13Z,100.00,0.00
2025-09-23T08:54:14Z,100.00,0.00
2025-09-23T08:55:14Z,100.00,0.00
2025-09-23T08:56:15Z,100.00,0.00
2025-09-23T08:57:15Z,100.00,0.00
2025-09-23T08:58:16Z,100.00,0.00
2025-09-23T08:59:17Z,100.00,0.00
2025-09-23T09:00:17Z,100.00,0.00
2025-09-23T09:01:18Z,100.00,0.00
2025-09-23T09:02:18Z,100.00,0.00
2025-09-23T09:03:19Z,100.00,0.00
2025-09-23T09:04:19Z,100.00,0.00
2025-09-23T09:05:20Z,100.00,0.00
2025-09-23T09:06:20Z,100.00,0.00
2025-09-23T09:07:21Z,100.00,0.00
2025-09-23T09:08:21Z,100.00,0.00
2025-09-23T09:09:21Z,100.00,0.00
2025-09-23T09:10:22Z,100.00,0.00
2025-09-23T09:11:22Z,100.00,0.00
2025-09-23T09:12:23Z,100.00,0.00
2025-09-23T09:13:23Z,100.00,0.00
2025-09-23T09:14:24Z,100.00,0.00
2025-09-23T09:15:24Z,100.00,0.00
2025-09-23T09:16:25Z,100.00,0.00
2025-09-23T09:17:25Z,100.00,0.00
2025-09-23T09:18:26Z,100.00,0.00
2025-09-23T09:19:26Z,100.00,0.00
2025-09-23T09:20:27Z,100.00,0.00
2025-09-23T09:21:27Z,100.00,0.00
2025-09-23T09:22:28Z,100.00,0.00
2025-09-23T09:23:28Z,100.00,0.00
2025-09-23T09:24:29Z,100.00,0.00
2025-09-23T09:25:29Z,100.00,0.00
2025-09-23T09:26:30Z,100.00,0.00
2025-09-23T09:27:30Z,100.00,0.00
2025-09-23T09:28:31Z,100.00,0.00
2025-09-23T09:29:31Z,100.00,0.00
2025-09-23T09:30:32Z,100.00,0.00
2025-09-23T09:31:32Z,100.00,0.00
2025-09-23T09:32:33Z,100.00,0.00
2025-09-23T09:33:33Z,100.00,0.00
2025-09-23T09:34:34Z,100.00,0.00
2025-09-23T09:35:35Z,100.00,0.00
2025-09-23T09:36:35Z,100.00,0.00
2025-09-23T09:37:36Z,100.00,0.00
2025-09-23T09:38:36Z,100.00,0.00
2025-09-23T09:39:36Z,100.00,0.00
2025-09-23T09:40:37Z,100.00,0.00
2025-09-23T09:41:37Z,100.00,0.00
2025-09-23T09:42:38Z,100.00,0.00
2025-09-23T09:43:39Z,100.00,0.00
2025-09-23T09:44:39Z,100.00,0.00
2025-09-23T09:45:40Z,100.00,0.00
2025-09-23T09:46:40Z,100.00,0.00
2025-09-23T09:47:41Z,100.00,0.00
2025-09-23T09:48:41Z,100.00,0.00
2025-09-23T09:49:42Z,100.00,0.00
2025-09-23T09:50:42Z,100.00,0.00
2025-09-23T09:51:43Z,100.00,0.00
2025-09-23T09:52:43Z,100.00,0.00
2025-09-23T09:53:44Z,100.00,0.00
2025-09-23T09:54:44Z,100.00,0.00
2025-09-23T09:55:44Z,100.00,0.00
2025-09-23T09:56:45Z,100.00,0.00
2025-09-23T09:57:45Z,100.00,0.00
2025-09-23T09:58:46Z,100.00,0.00
2025-09-23T09:59:47Z,100.00,0.00
2025-09-23T10:00:47Z,100.00,0.00
2025-09-23T10:01:48Z,100.00,0.00
2025-09-23T10:02:48Z,100.00,0.00
2025-09-23T10:03:49Z,100.00,0.00
2025-09-23T10:04:49Z,100.00,0.00
2025-09-23T10:05:50Z,100.00,0.00
2025-09-23T10:06:50Z,100.00,0.00
2025-09-23T10:07:51Z,100.00,0.00
2025-09-23T10:08:51Z,100.00,0.00
2025-09-23T10:09:52Z,100.00,0.00
2025-09-23T10:10:52Z,100.00,0.00
2025-09-23T10:11:53Z,100.00,0.00
2025-09-23T10:12:53Z,100.00,0.00
2025-09-23T10:13:54Z,100.00,0.00
2025-09-23T10:14:54Z,100.00,0.00
2025-09-23T10:15:55Z,100.00,0.00
2025-09-23T10:16:55Z,100.00,0.00
2025-09-23T10:17:56Z,100.00,0.00
2025-09-23T10:18:58Z,100.00,0.00
2025-09-23T10:19:58Z,100.00,0.00
2025-09-23T10:20:59Z,100.00,0.00
2025-09-23T10:21:59Z,100.00,0.00
2025-09-23T10:23:00Z,100.00,0.00
2025-09-23T10:24:02Z,100.00,0.00
2025-09-23T10:25:02Z,100.00,0.00
2025-09-23T10:26:03Z,100.00,0.00
2025-09-23T10:27:03Z,100.00,0.00
2025-09-23T10:28:04Z,100.00,0.00
2025-09-23T10:29:04Z,100.00,0.00
2025-09-23T10:30:05Z,100.00,0.00
2025-09-23T10:31:05Z,100.00,0.00
2025-09-23T10:32:06Z,100.00,0.00
2025-09-23T10:33:06Z,100.00,0.00
2025-09-23T10:34:07Z,100.00,0.00
2025-09-23T10:35:07Z,100.00,0.00
2025-09-23T10:36:08Z,100.00,0.00
2025-09-23T10:37:08Z,100.00,0.00
2025-09-23T10:38:09Z,100.00,0.00
2025-09-23T10:39:09Z,100.00,0.00
2025-09-23T10:40:10Z,100.00,0.00
2025-09-23T10:41:10Z,100.00,0.00
2025-09-23T10:42:11Z,100.00,0.00
2025-09-23T10:43:11Z,100.00,0.00
2025-09-23T10:44:12Z,100.00,0.00
2025-09-23T10:45:12Z,100.00,0.00
2025-09-23T10:46:13Z,100.00,0.00
2025-09-23T10:47:13Z,100.00,0.00
2025-09-23T10:48:14Z,100.00,0.00
2025-09-23T10:49:14Z,100.00,0.00
2025-09-23T10:50:15Z,100.00,0.00
2025-09-23T10:51:15Z,100.00,0.00
2025-09-23T10:52:16Z,100.00,0.00
2025-09-23T10:53:16Z,100.00,0.00
2025-09-23T10:54:17Z,100.00,0.00
2025-09-23T10:55:17Z,100.00,0.00
2025-09-23T10:56:18Z,100.00,0.00
2025-09-23T10:57:18Z,100.00,0.00
2025-09-23T10:58:19Z,100.00,0.00
2025-09-23T10:59:19Z,100.00,0.00
2025-09-23T11:00:20Z,100.00,0.00
2025-09-23T11:01:20Z,100.00,0.00
2025-09-23T11:02:21Z,100.00,0.00
2025-09-23T11:03:21Z,100.00,0.00
2025-09-23T11:04:22Z,100.00,0.00
2025-09-23T11:05:22Z,100.00,0.00
2025-09-23T11:06:23Z,100.00,0.00
2025-09-23T11:07:23Z,100.00,0.00
2025-09-23T11:08:24Z,100.00,0.00
2025-09-23T11:09:24Z,100.00,0.00
2025-09-23T11:10:25Z,100.00,0.00
2025-09-23T11:11:25Z,100.00,0.00
2025-09-23T11:12:26Z,100.00,0.00
2025-09-23T11:13:26Z,100.00,0.00
2025-09-23T11:14:27Z,100.00,0.00
2025-09-23T11:15:27Z,100.00,0.00
2025-09-23T11:16:28Z,100.00,0.00
2025-09-23T11:17:28Z,100.00,0.00
2025-09-23T11:18:29Z,100.00,0.00
2025-09-23T11:19:29Z,100.00,0.00
2025-09-23T11:20:30Z,100.00,0.00
2025-09-23T11:21:30Z,100.00,0.00
2025-09-23T11:22:31Z,100.00,0.00
2025-09-23T11:23:31Z,100.00,0.00
2025-09-23T11:24:32Z,100.00,0.00
2025-09-23T11:25:32Z,100.00,0.00
2025-09-23T11:26:33Z,100.00,0.00
2025-09-23T11:27:33Z,100.00,0.00
2025-09-23T11:28:34Z,100.00,0.00
2025-09-23T11:29:34Z,100.00,0.00
2025-09-23T11:30:35Z,100.00,0.00
2025-09-23T11:31:35Z,100.00,0.00
2025-09-23T11:32:36Z,100.00,0.00
2025-09-23T11:33:36Z,100.00,0.00
2025-09-23T11:34:37Z,100.00,0.00
2025-09-23T11:35:37Z,100.00,0.00
2025-09-23T11:36:38Z,100.00,0.00
2025-09-23T11:37:38Z,100.00,0.00
2025-09-23T11:38:39Z,100.00,0.00
2025-09-23T11:39:39Z,100.00,0.00
2025-09-23T11:40:40Z,100.00,0.00
2025-09-23T11:41:40Z,100.00,0.00
2025-09-23T11:42:41Z,100.00,0.00
2025-09-23T11:43:41Z,100.00,0.00
2025-09-23T11:44:42Z,100.00,0.00
2025-09-23T11:45:42Z,100.00,0.00
2025-09-23T11:46:43Z,100.00,0.00
2025-09-23T11:47:43Z,100.00,0.00
2025-09-23T11:48:44Z,100.00,0.00
2025-09-23T11:49:44Z,100.00,0.00
2025-09-23T11:50:45Z,100.00,0.00
2025-09-23T11:51:45Z,100.00,0.00
2025-09-23T11:52:46Z,100.00,0.00
2025-09-23T11:53:46Z,100.00,0.00
2025-09-23T11:54:47Z,100.00,0.00
2025-09-23T11:55:47Z,100.00,0.00
2025-09-23T11:56:48Z,100.00,0.00
2025-09-23T11:57:48Z,100.00,0.00
2025-09-23T11:58:49Z,100.00,0.00
2025-09-23T11:59:49Z,100.00,0.00
2025-09-23T12:00:50Z,100.00,0.00
2025-09-23T12:01:50Z,100.00,0.00
2025-09-23T12:02:51Z,100.00,0.00
2025-09-23T12:03:51Z,100.00,0.00
2025-09-23T12:04:52Z,100.00,0.00
2025-09-23T12:05:52Z,100.00,0.00
2025-09-23T12:06:53Z,100.00,0.00
2025-09-23T12:07:53Z,100.00,0.00
2025-09-23T12:08:54Z,100.00,0.00
2025-09-23T12:09:54Z,100.00,0.00
2025-09-23T12:10:55Z,100.00,0.00
2025-09-23T12:11:55Z,100.00,0.00
2025-09-23T12:12:56Z,100.00,0.00
2025-09-23T12:13:56Z,100.00,0.00
2025-09-23T12:14:57Z,100.00,0.00
2025-09-23T12:15:57Z,100.00,0.00
2025-09-23T12:16:58Z,100.00,0.00
2025-09-23T12:17:58Z,100.00,0.00
2025-09-23T12:18:59Z,100.00,0.00
2025-09-23T12:19:59Z,100.00,0.00
2025-09-23T12:21:00Z,100.00,0.00
2025-09-23T12:22:00Z,100.00,0.00
2025-09-23T12:23:01Z,100.00,0.00
2025-09-23T12:24:01Z,100.00,0.00
2025-09-23T12:25:02Z,100.00,0.00
2025-09-23T12:26:02Z,100.00,0.00
2025-09-23T12:27:03Z,100.00,0.00
2025-09-23T12:28:03Z,100.00,0.00
2025-09-23T12:29:04Z,100.00,0.00
2025-09-23T12:30:04Z,100.00,0.00
2025-09-23T12:31:05Z,100.00,0.00
2025-09-23T12:32:05Z,100.00,0.00
2025-09-23T12:33:06Z,100.00,0.00
2025-09-23T12:34:06Z,100.00,0.00
2025-09-23T12:35:07Z,100.00,0.00
2025-09-23T12:36:07Z,100.00,0.00
2025-09-23T12:37:08Z,100.00,0.00
2025-09-23T12:38:08Z,100.00,0.00
2025-09-23T12:39:09Z,100.00,0.00
2025-09-23T12:40:09Z,100.00,0.00
2025-09-23T12:41:10Z,100.00,0.00
2025-09-23T12:42:10Z,100.00,0.00
2025-09-23T12:43:11Z,100.00,0.00
2025-09-23T12:44:11Z,100.00,0.00
2025-09-23T12:45:12Z,100.00,0.00
2025-09-23T12:46:12Z,100.00,0.00
2025-09-23T12:47:13Z,100.00,0.00
2025-09-23T12:48:13Z,100.00,0.00
2025-09-23T12:49:14Z,100.00,0.00
2025-09-23T12:50:14Z,100.00,0.00
2025-09-23T12:51:15Z,100.00,0.00
2025-09-23T12:52:15Z,100.00,0.00
2025-09-23T12:53:16Z,100.00,0.00
2025-09-23T12:54:16Z,100.00,0.00
2025-09-23T12:55:17Z,100.00,0.00
2025-09-23T12:56:17Z,100.00,0.00
2025-09-23T12:57:18Z,100.00,0.00
2025-09-23T12:58:18Z,100.00,0.00
2025-09-23T12:59:19Z,100.00,0.00
2025-09-23T13:00:19Z,100.00,0.00
2025-09-23T13:01:20Z,100.00,0.00
2025-09-23T13:02:20Z,100.00,0.00
2025-09-23T13:03:21Z,100.00,0.00
2025-09-23T13:04:22Z,100.00,0.00
2025-09-23T13:05:22Z,100.00,0.00
2025-09-23T13:06:23Z,100.00,0.00
2025-09-23T13:07:23Z,100.00,0.00
2025-09-23T13:08:24Z,100.00,0.00
2025-09-23T13:09:24Z,100.00,0.00
2025-09-23T13:10:25Z,100.00,0.00
2025-09-23T13:11:25Z,100.00,0.00
2025-09-23T13:12:26Z,100.00,0.00
2025-09-23T13:13:26Z,100.00,0.00
2025-09-23T13:14:27Z,100.00,0.00
2025-09-23T13:15:27Z,100.00,0.00
2025-09-23T13:16:28Z,100.00,0.00
2025-09-23T13:17:28Z,100.00,0.00
2025-09-23T13:18:29Z,100.00,0.00
2025-09-23T13:19:29Z,100.00,0.00
2025-09-23T13:20:30Z,100.00,0.00
2025-09-23T13:21:30Z,100.00,0.00
2025-09-23T13:22:31Z,100.00,0.00
2025-09-23T13:23:31Z,100.00,0.00
2025-09-23T13:24:32Z,100.00,0.00
2025-09-23T13:25:32Z,100.00,0.00
2025-09-23T13:26:33Z,100.00,0.00
2025-09-23T13:27:33Z,100.00,0.00
2025-09-23T13:28:34Z,100.00,0.00
2025-09-23T13:29:34Z,100.00,0.00
2025-09-23T13:30:35Z,100.01,0.00
2025-09-23T13:31:36Z,100.00,0.00
2025-09-23T13:32:36Z,100.00,0.00
2025-09-23T13:33:37Z,100.00,0.00
2025-09-23T13:34:37Z,100.00,0.00
2025-09-23T13:35:38Z,100.00,0.00
2025-09-23T13:36:39Z,100.00,0.00
2025-09-23T13:37:39Z,100.00,0.00
2025-09-23T13:38:40Z,100.00,0.00
2025-09-23T13:39:40Z,100.00,0.00
2025-09-23T13:40:41Z,100.00,0.00
2025-09-23T13:41:41Z,100.00,0.00
2025-09-23T13:42:42Z,100.00,0.00
2025-09-23T13:43:42Z,100.00,0.00
2025-09-23T13:44:43Z,100.00,0.00
2025-09-23T13:45:43Z,100.00,0.00
2025-09-23T13:46:44Z,100.00,0.00
2025-09-23T13:47:45Z,100.00,0.00
2025-09-23T13:48:45Z,100.00,0.00
2025-09-23T13:49:46Z,100.00,0.00
2025-09-23T13:50:46Z,100.00,0.00
2025-09-23T13:51:47Z,100.00,0.00
2025-09-23T13:52:47Z,100.00,0.00
2025-09-23T13:53:48Z,100.00,0.00
2025-09-23T13:54:49Z,100.00,0.00
2025-09-23T13:55:49Z,100.00,0.00
2025-09-23T13:56:50Z,100.00,0.00
2025-09-23T13:57:50Z,100.00,0.00
2025-09-23T13:58:51Z,100.00,0.00
2025-09-23T13:59:51Z,100.00,0.00
2025-09-23T14:00:52Z,100.00,0.00
2025-09-23T14:01:52Z,100.00,0.00
2025-09-23T14:02:53Z,100.00,0.00
2025-09-23T14:03:54Z,100.00,0.00
2025-09-23T14:04:54Z,100.00,0.00
2025-09-23T14:05:55Z,100.00,0.00
2025-09-23T14:07:00Z,100.00,0.00
2025-09-23T14:08:01Z,100.00,0.00
2025-09-23T14:09:01Z,100.00,0.00
2025-09-23T14:10:02Z,100.00,0.00
2025-09-23T14:11:03Z,100.00,0.00
2025-09-23T14:12:03Z,100.00,0.00
2025-09-23T14:13:04Z,100.00,0.00
2025-09-23T14:14:05Z,100.00,0.00
2025-09-23T14:15:05Z,100.00,0.00
2025-09-23T14:16:06Z,100.00,0.00
2025-09-23T14:17:06Z,100.00,0.00
2025-09-23T14:18:07Z,100.00,0.00
2025-09-23T14:19:07Z,100.00,0.00
2025-09-23T14:20:08Z,100.00,0.00
2025-09-23T14:21:08Z,100.00,0.00
2025-09-23T14:22:09Z,100.00,0.00
2025-09-23T14:23:10Z,100.00,0.00
2025-09-23T14:24:10Z,100.00,0.00
2025-09-23T14:25:11Z,100.00,0.00
2025-09-23T14:26:11Z,100.00,0.00
2025-09-23T14:27:12Z,100.00,0.00
2025-09-23T14:28:13Z,100.00,0.00
2025-09-23T14:29:13Z,100.00,0.00
2025-09-23T14:30:14Z,100.00,0.00
2025-09-23T14:31:15Z,100.00,0.00
2025-09-23T14:32:15Z,100.00,0.00
2025-09-23T14:33:16Z,100.00,0.00
2025-09-23T14:34:16Z,100.00,0.00
2025-09-23T14:35:17Z,100.00,0.00
2025-09-23T14:36:17Z,100.00,0.00
2025-09-23T14:37:18Z,100.00,0.00
2025-09-23T14:38:19Z,100.00,0.00
2025-09-23T14:39:19Z,100.00,0.00
2025-09-23T14:40:20Z,100.00,0.00
2025-09-23T14:41:20Z,100.00,0.00
2025-09-23T14:42:21Z,100.00,0.00
2025-09-23T14:43:21Z,100.00,0.00
2025-09-23T14:44:22Z,100.00,0.00
2025-09-23T14:45:23Z,100.00,0.00
2025-09-23T14:46:23Z,100.00,0.00
2025-09-23T14:47:24Z,100.00,0.00
2025-09-23T14:48:24Z,100.00,0.00
2025-09-23T14:49:25Z,100.00,0.00
2025-09-23T14:50:26Z,100.00,0.00
2025-09-23T14:51:26Z,100.00,0.00
2025-09-23T14:52:27Z,100.00,0.00
2025-09-23T14:53:27Z,100.00,0.00
2025-09-23T14:54:28Z,100.00,0.00
2025-09-23T14:55:28Z,100.00,0.00
2025-09-23T14:56:29Z,100.00,0.00
2025-09-23T14:57:30Z,100.00,0.00
2025-09-23T14:58:30Z,100.00,0.00
2025-09-23T14:59:31Z,100.00,0.00
2025-09-23T15:00:31Z,100.00,0.00
2025-09-23T15:01:32Z,100.00,0.00
2025-09-23T15:02:32Z,100.00,0.00
2025-09-23T15:03:33Z,100.00,0.00
2025-09-23T15:04:33Z,100.00,0.00
2025-09-23T15:05:34Z,100.00,0.00
2025-09-23T15:06:34Z,100.00,0.00
2025-09-23T15:07:35Z,100.00,0.00
2025-09-23T15:08:35Z,100.00,0.00
2025-09-23T15:09:36Z,100.00,0.00
2025-09-23T15:10:36Z,100.00,0.00
2025-09-23T15:11:37Z,100.00,0.00
2025-09-23T15:12:37Z,100.00,0.00
2025-09-23T15:13:38Z,100.00,0.00
2025-09-23T15:14:39Z,100.00,0.00
2025-09-23T15:15:39Z,100.00,0.00
2025-09-23T15:16:40Z,100.00,0.00
2025-09-23T15:17:40Z,100.00,0.00
2025-09-23T15:18:41Z,100.00,0.00
2025-09-23T15:19:41Z,100.00,0.00
2025-09-23T15:20:42Z,100.00,0.00
2025-09-23T15:21:43Z,100.00,0.00
2025-09-23T15:22:43Z,100.00,0.00
2025-09-23T15:23:44Z,100.00,0.00
2025-09-23T15:24:44Z,100.00,0.00
2025-09-23T15:25:45Z,100.00,0.00
2025-09-23T15:26:45Z,100.00,0.00
2025-09-23T15:27:46Z,100.00,0.00
2025-09-23T15:28:46Z,100.00,0.00
2025-09-23T15:29:47Z,100.00,0.00
2025-09-23T15:30:47Z,100.00,0.00
2025-09-23T15:31:48Z,100.00,0.00
2025-09-23T15:32:49Z,100.00,0.00
2025-09-23T15:33:49Z,100.00,0.00
2025-09-23T15:34:50Z,100.00,0.00
2025-09-23T15:35:50Z,100.00,0.00
2025-09-23T15:36:51Z,100.00,0.00
2025-09-23T15:37:51Z,100.00,0.00
2025-09-23T15:38:52Z,100.00,0.00
2025-09-23T15:39:52Z,100.00,0.00
2025-09-23T15:40:53Z,100.00,0.00
2025-09-23T15:41:53Z,100.00,0.00
2025-09-23T15:42:54Z,100.00,0.00
2025-09-23T15:43:54Z,100.00,0.00
2025-09-23T15:44:55Z,100.00,0.00
2025-09-23T15:45:55Z,100.00,0.00
2025-09-23T15:46:56Z,100.00,0.00
2025-09-23T15:47:56Z,100.00,0.00
2025-09-23T15:48:57Z,100.00,0.00
2025-09-23T15:49:58Z,100.00,0.00
2025-09-23T15:50:58Z,100.00,0.00
2025-09-23T15:51:59Z,100.00,0.00
2025-09-23T15:52:59Z,100.00,0.00
2025-09-23T15:54:00Z,100.00,0.00
2025-09-23T15:55:02Z,100.00,0.00
2025-09-23T15:56:02Z,100.00,0.00
2025-09-23T15:57:03Z,100.00,0.00
2025-09-23T15:58:03Z,100.00,0.00
2025-09-23T15:59:04Z,100.00,0.00
2025-09-23T16:00:06Z,100.00,0.00
2025-09-23T16:01:06Z,100.00,0.00
2025-09-23T16:02:07Z,100.00,0.00
2025-09-23T16:03:07Z,100.00,0.00
2025-09-23T16:04:08Z,100.00,0.00
2025-09-23T16:05:08Z,100.00,0.00
2025-09-23T16:06:09Z,100.00,0.00
2025-09-23T16:07:10Z,100.00,0.00
2025-09-23T16:08:10Z,100.00,0.00
2025-09-23T16:09:11Z,100.00,0.00
2025-09-23T16:10:11Z,100.00,0.00
2025-09-23T16:11:12Z,100.00,0.00
2025-09-23T16:12:12Z,100.00,0.00
2025-09-23T16:13:13Z,100.00,0.00
2025-09-23T16:14:13Z,100.00,0.00
2025-09-23T16:15:14Z,100.00,0.00
2025-09-23T16:16:14Z,100.00,0.00
2025-09-23T16:17:15Z,100.00,0.00
2025-09-23T16:18:15Z,100.00,0.00
2025-09-23T16:19:16Z,100.00,0.00
2025-09-23T16:20:16Z,100.00,0.00
2025-09-23T16:21:17Z,100.00,0.00
2025-09-23T16:22:18Z,100.00,0.00
2025-09-23T16:23:18Z,100.00,0.00
2025-09-23T16:24:19Z,100.00,0.00
2025-09-23T16:25:19Z,100.00,0.00
2025-09-23T16:26:20Z,100.00,0.00
2025-09-23T16:27:20Z,100.00,0.00
2025-09-23T16:28:21Z,100.00,0.00
2025-09-23T16:29:21Z,100.00,0.00
2025-09-23T16:30:22Z,100.00,0.00
2025-09-23T16:31:22Z,100.00,0.00
2025-09-23T16:32:23Z,100.00,0.00
2025-09-23T16:33:23Z,100.00,0.00
2025-09-23T16:34:24Z,100.00,0.00
2025-09-23T16:35:25Z,100.00,0.00
2025-09-23T16:36:25Z,100.00,0.00
2025-09-23T16:37:26Z,100.00,0.00
2025-09-23T16:38:26Z,100.00,0.00
2025-09-23T16:39:27Z,100.00,0.00
2025-09-23T16:40:27Z,100.00,0.00
2025-09-23T16:41:28Z,100.00,0.00
2025-09-23T16:42:28Z,100.00,0.00
2025-09-23T16:43:29Z,100.00,0.00
2025-09-23T16:44:29Z,100.00,0.00
2025-09-23T16:45:30Z,100.00,0.00
2025-09-23T16:46:30Z,100.00,0.00
2025-09-23T16:47:31Z,100.00,0.00
2025-09-23T16:48:31Z,100.00,0.00
2025-09-23T16:49:32Z,100.00,0.00
2025-09-23T16:50:32Z,100.00,0.00
2025-09-23T16:51:33Z,100.00,0.00
2025-09-23T16:52:33Z,100.00,0.00
2025-09-23T16:53:34Z,100.00,0.00
2025-09-23T16:54:34Z,100.00,0.00
2025-09-23T16:55:35Z,100.00,0.00
2025-09-23T16:56:35Z,100.00,0.00
2025-09-23T16:57:36Z,100.00,0.00
2025-09-23T16:58:37Z,100.00,0.00
2025-09-23T16:59:37Z,100.00,0.00
2025-09-23T17:00:38Z,100.00,0.00
2025-09-23T17:01:38Z,100.00,0.00
2025-09-23T17:02:39Z,100.00,0.00
2025-09-23T17:03:39Z,100.00,0.00
2025-09-23T17:04:40Z,100.00,0.00
2025-09-23T17:05:40Z,100.00,0.00
2025-09-23T17:06:41Z,100.00,0.00
2025-09-23T17:07:41Z,100.00,0.00
2025-09-23T17:08:42Z,100.00,0.00
2025-09-23T17:09:42Z,100.00,0.00
2025-09-23T17:10:43Z,100.00,0.00
2025-09-23T17:11:43Z,100.00,0.00
2025-09-23T17:12:44Z,100.00,0.00
2025-09-23T17:13:44Z,100.00,0.00
2025-09-23T17:14:45Z,100.00,0.00
2025-09-23T17:15:46Z,100.00,0.00
2025-09-23T17:16:46Z,100.00,0.00
2025-09-23T17:17:47Z,100.00,0.00
2025-09-23T17:18:47Z,100.00,0.00
2025-09-23T17:19:48Z,100.00,0.00
2025-09-23T17:20:48Z,100.00,0.00
2025-09-23T17:21:49Z,100.00,0.00
2025-09-23T17:22:49Z,100.00,0.00
2025-09-23T17:23:50Z,100.00,0.00
2025-09-23T17:24:50Z,100.00,0.00
2025-09-23T17:25:51Z,100.00,0.00
2025-09-23T17:26:51Z,100.00,0.00
2025-09-23T17:27:52Z,100.00,0.00
2025-09-23T17:28:52Z,100.00,0.00
2025-09-23T17:29:53Z,100.00,0.00
2025-09-23T17:30:53Z,100.00,0.00
2025-09-23T17:31:54Z,100.00,0.00
2025-09-23T17:32:54Z,100.00,0.00
2025-09-23T17:33:55Z,100.00,0.00
2025-09-23T17:34:55Z,100.00,0.00
2025-09-23T17:35:56Z,100.00,0.00
2025-09-23T17:36:57Z,100.00,0.00
2025-09-23T17:37:57Z,100.00,0.00
2025-09-23T17:38:58Z,100.00,0.00
2025-09-23T17:39:58Z,100.00,0.00
2025-09-23T17:40:59Z,100.00,0.00
2025-09-23T17:41:59Z,100.00,0.00
2025-09-23T17:43:00Z,100.00,0.00
2025-09-23T17:44:00Z,100.00,0.00
2025-09-23T17:45:01Z,100.00,0.00
2025-09-23T17:46:02Z,100.00,0.00
2025-09-23T17:47:02Z,100.00,0.00
2025-09-23T17:48:03Z,100.00,0.00
2025-09-23T17:49:03Z,100.00,0.00
2025-09-23T17:50:04Z,100.00,0.00
2025-09-23T17:51:05Z,100.00,0.00
2025-09-23T17:52:05Z,100.00,0.00
2025-09-23T17:53:06Z,100.00,0.00
2025-09-23T17:54:06Z,100.00,0.00
2025-09-23T17:55:07Z,100.00,0.00
2025-09-23T17:56:07Z,100.00,0.00
2025-09-23T17:57:08Z,100.00,0.00
2025-09-23T17:58:08Z,100.00,0.00
2025-09-23T17:59:09Z,100.00,0.00
2025-09-23T18:00:10Z,100.00,0.00
2025-09-23T18:01:10Z,100.00,0.00
2025-09-23T18:02:11Z,100.00,0.00
2025-09-23T18:03:11Z,100.00,0.00
2025-09-23T18:04:12Z,100.00,0.00
2025-09-23T18:05:12Z,100.00,0.00
2025-09-23T18:06:13Z,100.00,0.00
2025-09-23T18:07:13Z,100.00,0.00
2025-09-23T18:08:14Z,100.00,0.00
2025-09-23T18:09:14Z,100.00,0.00
2025-09-23T18:10:15Z,100.00,0.00
2025-09-23T18:11:15Z,100.00,0.00
2025-09-23T18:12:16Z,100.00,0.00
2025-09-23T18:13:17Z,100.00,0.00
2025-09-23T18:14:17Z,100.00,0.00
2025-09-23T18:15:18Z,100.00,0.00
2025-09-23T18:16:18Z,100.00,0.00
2025-09-23T18:17:19Z,100.00,0.00
2025-09-23T18:18:19Z,100.00,0.00
2025-09-23T18:19:20Z,100.00,0.00
2025-09-23T18:20:20Z,100.00,0.00
2025-09-23T18:21:21Z,100.00,0.00
2025-09-23T18:22:21Z,100.00,0.00
2025-09-23T18:23:22Z,100.00,0.00
2025-09-23T18:24:23Z,100.00,0.00
2025-09-23T18:25:23Z,100.00,0.00
2025-09-23T18:26:24Z,100.00,0.00
2025-09-23T18:27:24Z,100.00,0.00
2025-09-23T18:28:25Z,100.00,0.00
2025-09-23T18:29:25Z,100.00,0.00
2025-09-23T18:30:26Z,100.00,0.00
2025-09-23T18:31:26Z,100.00,0.00
2025-09-23T18:32:27Z,100.00,0.00
2025-09-23T18:33:27Z,100.00,0.00
2025-09-23T18:34:28Z,100.00,0.00
2025-09-23T18:35:28Z,100.00,0.00
2025-09-23T18:36:29Z,100.00,0.00
2025-09-23T18:37:30Z,100.00,0.00
2025-09-23T18:38:30Z,100.00,0.00
2025-09-23T18:39:31Z,100.00,0.00
2025-09-23T18:40:31Z,100.00,0.00
2025-09-23T18:41:32Z,100.00,0.00
2025-09-23T18:42:32Z,100.00,0.00
2025-09-23T18:43:33Z,100.00,0.00
2025-09-23T18:44:33Z,100.00,0.00
2025-09-23T18:45:34Z,100.00,0.00
2025-09-23T18:46:34Z,100.00,0.00
2025-09-23T18:47:35Z,100.00,0.00
2025-09-23T18:48:36Z,100.00,0.00
2025-09-23T18:49:36Z,100.00,0.00
2025-09-23T18:50:37Z,100.00,0.00
2025-09-23T18:51:37Z,100.00,0.00
2025-09-23T18:52:38Z,100.00,0.00
2025-09-23T18:53:38Z,100.00,0.00
2025-09-23T18:54:39Z,100.00,0.00
2025-09-23T18:55:39Z,100.00,0.00
2025-09-23T18:56:40Z,100.00,0.00
2025-09-23T18:57:40Z,100.00,0.00
2025-09-23T18:58:41Z,100.00,0.00
2025-09-23T18:59:41Z,100.00,0.00
2025-09-23T19:00:42Z,100.00,0.00
2025-09-23T19:01:42Z,100.00,0.00
2025-09-23T19:02:43Z,100.00,0.00
2025-09-23T19:03:43Z,100.00,0.00
2025-09-23T19:04:44Z,100.00,0.00
2025-09-23T19:05:44Z,100.00,0.00
2025-09-23T19:06:45Z,100.00,0.00
2025-09-23T19:07:45Z,100.00,0.00
2025-09-23T19:08:46Z,100.00,0.00
2025-09-23T19:09:46Z,100.00,0.00
2025-09-23T19:10:47Z,100.00,0.00
2025-09-23T19:11:47Z,100.00,0.00
2025-09-23T19:12:48Z,100.00,0.00
2025-09-23T19:13:49Z,100.00,0.00
2025-09-23T19:14:49Z,100.00,0.00
2025-09-23T19:15:50Z,100.00,0.00
2025-09-23T19:16:50Z,100.00,0.00
2025-09-23T19:17:51Z,100.00,0.00
2025-09-23T19:18:51Z,100.00,0.00
2025-09-23T19:19:52Z,100.00,0.00
2025-09-23T19:20:52Z,100.00,0.00
2025-09-23T19:21:53Z,100.00,0.00
2025-09-23T19:22:53Z,100.00,0.00
2025-09-23T19:23:54Z,100.00,0.00
2025-09-23T19:24:54Z,100.00,0.00
2025-09-23T19:25:55Z,100.00,0.00
2025-09-23T19:26:55Z,100.00,0.00
2025-09-23T19:27:56Z,100.00,0.00
2025-09-23T19:28:56Z,100.00,0.00
2025-09-23T19:29:57Z,100.00,0.00
2025-09-23T19:30:57Z,100.00,0.00
2025-09-23T19:31:58Z,100.00,0.00
2025-09-23T19:32:58Z,100.00,0.00
2025-09-23T19:33:59Z,100.00,0.00
2025-09-23T19:34:59Z,100.00,0.00
2025-09-23T19:36:00Z,100.00,0.00
2025-09-23T19:37:00Z,100.00,0.00
2025-09-23T19:38:01Z,100.00,0.00
2025-09-23T19:39:01Z,100.00,0.00
2025-09-23T19:40:02Z,100.00,0.00
2025-09-23T19:41:03Z,100.00,0.00
2025-09-23T19:42:03Z,100.00,0.00
2025-09-23T19:43:04Z,100.00,0.00
2025-09-23T19:44:04Z,100.00,0.00
2025-09-23T19:45:05Z,100.00,0.00
2025-09-23T19:46:06Z,100.00,0.00
2025-09-23T19:47:06Z,100.00,0.00
2025-09-23T19:48:07Z,100.00,0.00
2025-09-23T19:49:07Z,100.00,0.00
2025-09-23T19:50:08Z,100.00,0.00
2025-09-23T19:51:08Z,100.00,0.00
2025-09-23T19:52:09Z,100.00,0.00
2025-09-23T19:53:09Z,100.00,0.00
2025-09-23T19:54:10Z,100.00,0.00
2025-09-23T19:55:10Z,100.00,0.00
2025-09-23T19:56:11Z,100.00,0.00
2025-09-23T19:57:11Z,100.00,0.00
2025-09-23T19:58:12Z,100.00,0.00
2025-09-23T19:59:13Z,100.00,0.00
2025-09-23T20:00:13Z,100.00,0.00
2025-09-23T20:01:14Z,100.00,0.00
2025-09-23T20:02:14Z,100.00,0.00
2025-09-23T20:03:15Z,100.00,0.00
2025-09-23T20:04:15Z,100.00,0.00
2025-09-23T20:05:16Z,100.00,0.00
2025-09-23T20:06:16Z,100.00,0.00
2025-09-23T20:07:17Z,100.00,0.00
2025-09-23T20:08:17Z,100.00,0.00
2025-09-23T20:09:18Z,100.00,0.00
2025-09-23T20:10:18Z,100.00,0.00
2025-09-23T20:11:19Z,100.00,0.00
2025-09-23T20:12:19Z,100.00,0.00
2025-09-23T20:13:20Z,100.00,0.00
2025-09-23T20:14:21Z,100.00,0.00
2025-09-23T20:15:21Z,100.00,0.00
2025-09-23T20:16:22Z,100.00,0.00
2025-09-23T20:17:22Z,100.00,0.00
2025-09-23T20:18:23Z,100.00,0.00
2025-09-23T20:19:24Z,100.00,0.00
2025-09-23T20:20:24Z,100.00,0.00
2025-09-23T20:21:25Z,100.00,0.00
2025-09-23T20:22:25Z,100.00,0.00
2025-09-23T20:23:26Z,100.00,0.00
2025-09-23T20:24:26Z,100.00,0.00
2025-09-23T20:25:27Z,100.00,0.00
2025-09-23T20:26:27Z,100.00,0.00
2025-09-23T20:27:28Z,100.00,0.00
2025-09-23T20:28:28Z,100.00,0.00
2025-09-23T20:29:29Z,100.00,0.00
2025-09-23T20:30:29Z,100.00,0.00
2025-09-23T20:31:30Z,100.00,0.00
2025-09-23T20:32:31Z,100.00,0.00
2025-09-23T20:33:31Z,100.00,0.00
2025-09-23T20:34:32Z,100.00,0.00
2025-09-23T20:35:32Z,100.00,0.00
2025-09-23T20:36:33Z,100.00,0.00
2025-09-23T20:37:33Z,100.00,0.00
2025-09-23T20:38:34Z,100.00,0.00
2025-09-23T20:39:34Z,100.00,0.00
2025-09-23T20:40:35Z,100.00,0.00
2025-09-23T20:41:35Z,100.00,0.00
2025-09-23T20:42:36Z,100.00,0.00
2025-09-23T20:43:36Z,100.00,0.00
2025-09-23T20:44:37Z,100.00,0.00
2025-09-23T20:45:37Z,100.00,0.00
2025-09-23T20:46:38Z,100.00,0.00
2025-09-23T20:47:38Z,100.00,0.00
2025-09-23T20:48:39Z,100.00,0.00
2025-09-23T20:49:40Z,100.00,0.00
2025-09-23T20:50:40Z,100.00,0.00
2025-09-23T20:51:41Z,100.00,0.00
2025-09-23T20:52:41Z,100.00,0.00
2025-09-23T20:53:42Z,100.00,0.00
2025-09-23T20:54:42Z,100.00,0.00
2025-09-23T20:55:43Z,100.00,0.00
2025-09-23T20:56:43Z,100.00,0.00
2025-09-23T20:57:44Z,100.00,0.00
2025-09-23T20:58:44Z,100.00,0.00
2025-09-23T20:59:45Z,100.00,0.00
2025-09-23T21:00:45Z,100.00,0.00
2025-09-23T21:01:46Z,100.00,0.00
2025-09-23T21:02:46Z,100.00,0.00
2025-09-23T21:03:47Z,100.00,0.00
2025-09-23T21:04:47Z,100.00,0.00
2025-09-23T21:05:48Z,100.00,0.00
2025-09-23T21:06:48Z,100.00,0.00
2025-09-23T21:07:49Z,100.00,0.00
2025-09-23T21:08:49Z,100.00,0.00
2025-09-23T21:09:50Z,100.00,0.00
2025-09-23T21:10:50Z,100.00,0.00
2025-09-23T21:11:51Z,100.00,0.00
2025-09-23T21:12:51Z,100.00,0.00
2025-09-23T21:13:52Z,100.00,0.00
2025-09-23T21:14:52Z,100.00,0.00
2025-09-23T21:15:53Z,100.00,0.00
2025-09-23T21:16:54Z,100.00,0.00
2025-09-23T21:17:54Z,100.00,0.00
2025-09-23T21:18:55Z,100.00,0.00
2025-09-23T21:19:55Z,100.00,0.00
2025-09-23T21:20:56Z,100.00,0.00
2025-09-23T21:21:56Z,100.00,0.00
2025-09-23T21:22:57Z,100.00,0.00
2025-09-23T21:23:57Z,100.00,0.00
2025-09-23T21:24:58Z,100.00,0.00
2025-09-23T21:25:58Z,100.00,0.00
2025-09-23T21:26:59Z,100.00,0.00
2025-09-23T21:27:59Z,100.00,0.00
2025-09-23T21:29:00Z,100.00,0.00
2025-09-23T21:30:00Z,100.00,0.00
2025-09-23T21:31:01Z,100.00,0.00
2025-09-23T21:32:01Z,100.00,0.00
2025-09-23T21:33:02Z,100.00,0.00
2025-09-23T21:34:02Z,100.00,0.00
2025-09-23T21:35:03Z,100.00,0.00
2025-09-23T21:36:03Z,100.00,0.00
2025-09-23T21:37:04Z,100.00,0.00
2025-09-23T21:38:05Z,100.00,0.00
2025-09-23T21:39:05Z,100.00,0.00
2025-09-23T21:40:06Z,100.00,0.00
2025-09-23T21:41:06Z,100.00,0.00
2025-09-23T21:42:07Z,100.00,0.00
2025-09-23T21:43:07Z,100.00,0.00
2025-09-23T21:44:08Z,100.00,0.00
2025-09-23T21:45:08Z,100.00,0.00
2025-09-23T21:46:09Z,100.00,0.00
2025-09-23T21:47:09Z,100.00,0.00
2025-09-23T21:48:10Z,100.00,0.00
2025-09-23T21:49:10Z,100.00,0.00
2025-09-23T21:50:11Z,100.00,0.00
2025-09-23T21:51:11Z,100.00,0.00
2025-09-23T21:52:12Z,100.00,0.00
2025-09-23T21:53:12Z,100.00,0.00
2025-09-23T21:54:13Z,100.00,0.00
2025-09-23T21:55:13Z,100.00,0.00
2025-09-23T21:56:14Z,100.00,0.00
2025-09-23T21:57:14Z,100.00,0.00
2025-09-23T21:58:15Z,100.00,0.00
2025-09-23T21:59:15Z,100.00,0.00
2025-09-23T22:00:16Z,100.00,0.00
2025-09-23T22:01:16Z,100.00,0.00
2025-09-23T22:02:17Z,100.00,0.00
2025-09-23T22:03:17Z,100.00,0.00
2025-09-23T22:04:18Z,100.00,0.00
2025-09-23T22:05:19Z,100.00,0.00
2025-09-23T22:06:19Z,100.00,0.00
2025-09-23T22:07:20Z,100.00,0.00
2025-09-23T22:08:20Z,100.00,0.00
2025-09-23T22:09:21Z,100.00,0.00
2025-09-23T22:10:21Z,100.00,0.00
2025-09-23T22:11:22Z,100.00,0.00
2025-09-23T22:12:22Z,100.00,0.00
2025-09-23T22:13:23Z,100.00,0.00
2025-09-23T22:14:23Z,100.00,0.00
2025-09-23T22:15:24Z,100.00,0.00
2025-09-23T22:16:24Z,100.00,0.00
2025-09-23T22:17:25Z,100.00,0.00
2025-09-23T22:18:25Z,100.00,0.00
2025-09-23T22:19:26Z,100.00,0.00
2025-09-23T22:20:26Z,100.00,0.00
2025-09-23T22:21:27Z,100.00,0.00
2025-09-23T22:22:28Z,100.00,0.00
2025-09-23T22:23:28Z,100.00,0.00
2025-09-23T22:24:29Z,100.00,0.00
2025-09-23T22:25:29Z,100.00,0.00
2025-09-23T22:26:30Z,100.00,0.00
2025-09-23T22:27:30Z,100.00,0.00
2025-09-23T22:28:31Z,100.00,0.00
2025-09-23T22:29:31Z,100.00,0.00
2025-09-23T22:30:32Z,100.00,0.00
2025-09-23T22:31:32Z,100.00,0.00
2025-09-23T22:32:33Z,100.00,0.00
2025-09-23T22:33:33Z,100.00,0.00
2025-09-23T22:34:34Z,100.00,0.00
2025-09-23T22:35:34Z,100.00,0.00
2025-09-23T22:36:35Z,100.00,0.00
2025-09-23T22:37:35Z,100.00,0.00
2025-09-23T22:38:36Z,100.00,0.00
2025-09-23T22:39:36Z,100.00,0.00
2025-09-23T22:40:37Z,100.00,0.00
2025-09-23T22:41:37Z,100.00,0.00
2025-09-23T22:42:38Z,100.00,0.00
2025-09-23T22:43:38Z,100.00,0.00
2025-09-23T22:44:39Z,100.00,0.00
2025-09-23T22:45:40Z,100.00,0.00
2025-09-23T22:46:40Z,100.00,0.00
2025-09-23T22:47:41Z,100.00,0.00
2025-09-23T22:48:41Z,100.00,0.00
2025-09-23T22:49:42Z,100.00,0.00
2025-09-23T22:50:42Z,100.00,0.00
2025-09-23T22:51:43Z,100.00,0.00
2025-09-23T22:52:43Z,100.00,0.00
2025-09-23T22:53:44Z,100.00,0.00
2025-09-23T22:54:44Z,100.00,0.00
2025-09-23T22:55:45Z,100.00,0.00
2025-09-23T22:56:45Z,100.00,0.00
2025-09-23T22:57:46Z,100.00,0.00
2025-09-23T22:58:46Z,100.00,0.00
2025-09-23T22:59:47Z,100.00,0.00
2025-09-23T23:00:49Z,100.00,0.00
2025-09-23T23:01:50Z,100.00,0.00
2025-09-23T23:02:52Z,100.00,0.00
2025-09-23T23:03:53Z,100.00,0.00
2025-09-23T23:04:55Z,100.00,0.00
2025-09-23T23:05:56Z,100.00,0.00
2025-09-23T23:06:58Z,100.00,0.00
2025-09-23T23:07:59Z,100.00,0.00
2025-09-23T23:09:01Z,100.00,0.00
2025-09-23T23:10:02Z,100.00,0.00
2025-09-23T23:11:04Z,100.00,0.00
2025-09-23T23:12:05Z,100.00,0.00
2025-09-23T23:13:07Z,100.00,0.00
2025-09-23T23:14:08Z,100.00,0.00
2025-09-23T23:15:10Z,100.00,0.00
2025-09-23T23:16:11Z,100.00,0.00
2025-09-23T23:17:13Z,100.00,0.00
2025-09-23T23:18:14Z,100.00,0.00
2025-09-23T23:19:16Z,100.00,0.00
2025-09-23T23:20:17Z,100.00,0.00
2025-09-23T23:21:19Z,100.00,0.00
2025-09-23T23:22:20Z,100.00,0.00
2025-09-23T23:23:22Z,100.00,0.00
2025-09-23T23:24:23Z,100.00,0.00
2025-09-23T23:25:25Z,100.00,0.00
2025-09-23T23:26:26Z,100.00,0.00
2025-09-23T23:27:28Z,100.00,0.00
2025-09-23T23:28:29Z,100.00,0.00
2025-09-23T23:29:31Z,100.00,0.00
2025-09-23T23:30:32Z,100.00,0.00
2025-09-23T23:31:34Z,100.00,0.00
2025-09-23T23:32:35Z,100.00,0.00
2025-09-23T23:33:39Z,100.00,0.00
2025-09-23T23:34:40Z,100.00,0.00
2025-09-23T23:35:42Z,100.00,0.00
2025-09-23T23:36:43Z,100.00,0.00
2025-09-23T23:37:45Z,100.00,0.00
2025-09-23T23:38:47Z,100.00,0.00
2025-09-23T23:39:48Z,100.00,0.00
2025-09-23T23:40:50Z,100.00,0.00
2025-09-23T23:41:51Z,100.00,0.00
2025-09-23T23:42:53Z,100.00,0.00
2025-09-23T23:43:54Z,100.00,0.00
2025-09-23T23:44:56Z,100.00,0.00
2025-09-23T23:45:57Z,100.00,0.00
2025-09-23T23:46:59Z,100.00,0.00
2025-09-23T23:48:01Z,100.00,0.00
2025-09-23T23:49:03Z,100.00,0.00
2025-09-23T23:50:04Z,100.00,0.00
2025-09-23T23:51:06Z,100.00,0.00
2025-09-23T23:52:08Z,100.00,0.00
2025-09-23T23:53:10Z,100.00,0.00
2025-09-23T23:54:11Z,100.00,0.00
2025-09-23T23:55:13Z,100.00,0.00
2025-09-23T23:56:15Z,100.00,0.00
2025-09-23T23:57:17Z,100.00,0.00
2025-09-23T23:58:18Z,100.00,0.00
2025-09-23T23:59:20Z,100.00,0.00
2025-09-24T00:00:22Z,100.00,0.00
2025-09-24T00:01:23Z,100.00,0.00
2025-09-24T00:02:25Z,100.00,0.00
2025-09-24T00:03:27Z,100.00,0.00
2025-09-24T00:04:29Z,100.00,0.00
2025-09-24T00:05:30Z,100.00,0.00
2025-09-24T00:06:32Z,100.00,0.00
